Workbook

Sheet Focused Carriers
A1: carrier | B1: carrier_name | C1: Count of carrier | D1: Average of delay_percentage | E1: Average of cancel_percentage | F1: Average of diverted_percentage
A2: F9 | B2: Frontier Airlines Inc. | C2: 240 | D2: 0.25256333 | E2: 0.00822375 | F2: 0.00057375
A3: WN | B3: Southwest Airlines Co. | C3: 263 | D3: 0.20542586 | E3: 0.007821673 | F3: 0.0011144487
A4: UA | B4: United Air Lines Inc. | C4: 263 | D4: 0.20108289 | E4: 0.010638023 | F4: 0.0013319392
A5: AS | B5: Alaska Airlines Inc. | C5: 263 | D5: 0.16817985 | E5: 0.012594677 | F5: 0.0015197719
A6: DL | B6: Delta Air Lines Inc. | C6: 263 | D6: 0.17069316 | E6: 0.0059091255 | F6: 0.001548289
A7: OO | B7: SkyWest Airlines Inc. | C7: 263 | D7: 0.13591559 | E7: 0.013230038 | F7: 0.0020673004
A8: AA | B8: American Airlines Inc. | C8: 263 | D8: 0.24293308 | E8: 0.012298479 | F8: 0.0024380228
A9: HA | B9: Hawaiian Airlines Inc. | C9: 256 | D9: 0.26403906 | E9: 0.002775 | F9: 0.0027019531
A10: B6 | B10: JetBlue Airways | C10: 263 | D10: 0.24086274 | E10: 0.010236122 | F10: 0.0030441065

Sheet Pivots
A3: carrier | B3: carrier_name | C3: Count of carrier | D3: Average of delay_percentage | E3: Average of cancel_percentage | F3: Average of diverted_percentage
A4: AA | B4: American Airlines Inc. | C4: 263 | D4: 0.24293308 | E4: 0.012298479 | F4: 0.0024380228
A5: AS | B5: Alaska Airlines Inc. | C5: 263 | D5: 0.16817985 | E5: 0.012594677 | F5: 0.0015197719
A6: B6 | B6: JetBlue Airways | C6: 263 | D6: 0.24086274 | E6: 0.010236122 | F6: 0.0030441065
A7: CO | B7: Continental Air Lines Inc. | C7: 103 | D7: 0.26455631 | E7: 0.0043106796 | F7: 0.001023301
A8: CP | B8: Compass Airlines | C8: 28 | D8: 0.20869286 | E8: 0.032796429 | F8: 0.002375
A9: DH | B9: Independence Air | C9: 7 | D9: 0.29962857 | E9: 0.014285714 | F9: 0.016371429
A10: DL | B10: Delta Air Lines Inc. | C10: 263 | D10: 0.17069316 | E10: 0.0059091255 | F10: 0.001548289
A11: EV | B11: Atlantic Southeast Airlines | C11: 7 | D11: 0.29084286 | E11: 0.012014286 | F11: 0
A12: F9 | B12: Frontier Airlines Inc. | C12: 240 | D12: 0.25256333 | E12: 0.00822375 | F12: 0.00057375
A13: FL | B13: AirTran Airways Corporation | C13: 60 | D13: 0.25192333 | E13: 0.0031216667 | F13: 0.0010466667
A14: HA | B14: Hawaiian Airlines Inc. | C14: 256 | D14: 0.26403906 | E14: 0.002775 | F14: 0.0027019531
A15: HP | B15: America West Airlines Inc. | C15: 31 | D15: 0.21804839 | E15: 0.0082903226 | F15: 0.0014258065
... A29: YX | B29: Republic Airline | C29: 2 | D29: 0.1111 | E29: 0 | F29: 0
A30: Grand Total | C30: 3151 | D30: 0.21197372 | E30: 0.0092427483 | F30: 0.0018669946

Sheet Carrier Name Rename
A1: carrier | B1: carrier_name | C1: Count | F1: carrier | G1: carrier_name | H1: Count
A2: AA | B2: American Airlines Inc. | C2: 175 | F2: AA | G2: American Airlines Inc. | H2: 263
A3: AA | B3: American Airlines Network | C3: 88 | F3: AS | G3: Alaska Airlines Inc. | H3: 263
A4: AS | B4: Alaska Airlines Inc. | C4: 175 | F4: B6 | G4: JetBlue Airways | H4: 263
A5: AS | B5: Alaska Airlines Network | C5: 88 | F5: CO | G5: Continental Air Lines Inc. | H5: 103
A6: B6 | B6: JetBlue Airways | C6: 263 | F6: CP | G6: Compass Airlines | H6: 28
A7: CO | B7: Continental Air Lines Inc. | C7: 103 | F7: DH | G7: Independence Air | H7: 7
A8: CP | B8: Compass Airlines | C8: 28 | F8: DL | G8: Delta Air Lines Inc. | H8: 263
A9: DH | B9: Independence Air | C9: 7 | F9: EV | G9: Atlantic Southeast Airlines | H9: 7
A10: DL | B10: Delta Air Lines Inc. | C10: 175 | F10: F9 | G10: Frontier Airlines Inc. | H10: 240
A11: DL | B11: Delta Air Lines Network | C11: 88 | F11: FL | G11: AirTran Airways Corporation | H11: 60
A12: EV | B12: Atlantic Southeast Airlines | C12: 7 | F12: HA | G12: Hawaiian Airlines Inc. | H12: 256
A13: F9 | B13: Frontier Airlines Inc. | C13: 152 | F13: HP | G13: America West Airlines Inc. | H13: 31
... A27: UA | B27: United Air Lines Inc. | C27: 175 | F27: YX | G27: Republic Airline | H27: 2
A28: UA | B28: United Air Lines Network | C28: 88 | F28: Grand Total | H28: 3151
A29: US | B29: US Airways Inc. | C29: 145
A30: VX | B30: Virgin America | C30: 75
A31: WN | B31: Southwest Airlines Co. | C31: 175
A32: WN | B32: Southwest Airlines | C32: 88
A33: XE | B33: ExpressJet Airlines Inc. | C33: 16
A34: YV | B34: Mesa Airlines Inc. | C34: 20
A35: YX | B35: Republic Airline | C35: 2

Sheet Airline_Delay_Cause
A1: year | B1: month | C1: carrier | D1: carrier_name | E1: airport | F1: airport_name | G1: arr_flights | H1: arr_del15 | I1: carrier_ct | J1: weather_ct | K1: nas_ct | L1: security_ct | M1: late_aircraft_ct | N1: arr_cancelled | O1: arr_diverted | P1: arr_delay | Q1: carrier_delay | R1: weather_delay | S1: nas_delay | T1: security_delay | U1: late_aircraft_delay | V1: delay_percentage | W1: cancel_percentage | X1: diverted_percentage
A2: 2025 | B2: 4 | C2: HA | D2: =_xlfn.XLOOKUP(C2,'Carrier Name Rename'!A:A,'Carrier Name Rename'!B:B) -> Hawaiian Airlines Inc. | E2: SEA | F2: Seattle, WA: Seattle/Tacoma International | G2: 109 | H2: 44 | I2: 41.12 | J2: 0.07 | K2: 0 | L2: 1 | M2: 1.82 | N2: 0 | O2: 0 | P2: 1531 | Q2: 1462 | R2: 2 | S2: 0 | T2: 28 | U2: 39 | V2: =ROUND(H2/G2,4) -> 0.4037 | W2: =ROUND(N2/G2,4) -> 0 | X2: =ROUND(O2/G2,4) -> 0
A3: 2025 | B3: 4 | C3: NK | D3: =_xlfn.XLOOKUP(C3,'Carrier Name Rename'!A:A,'Carrier Name Rename'!B:B) -> Spirit Airlines | E3: SEA | F3: Seattle, WA: Seattle/Tacoma International | G3: 62 | H3: 9 | I3: 1.62 | J3: 0 | K3: 3.77 | L3: 0.64 | M3: 2.97 | N3: 1 | O3: 0 | P3: 701 | Q3: 379 | R3: 0 | S3: 76 | T3: 14 | U3: 232 | V3: =ROUND(H3/G3,4) -> 0.1452 | W3: =ROUND(N3/G3,4) -> 0.0161 | X3: =ROUND(O3/G3,4) -> 0
A4: 2025 | B4: 4 | C4: OO | D4: =_xlfn.XLOOKUP(C4,'Carrier Name Rename'!A:A,'Carrier Name Rename'!B:B) -> SkyWest Airlines Inc. | E4: SEA | F4: Seattle, WA: Seattle/Tacoma International | G4: 2226 | H4: 245 | I4: 151.53 | J4: 19.51 | K4: 34.8 | L4: 0 | M4: 39.17 | N4: 0 | O4: 0 | P4: 11529 | Q4: 7543 | R4: 892 | S4: 1245 | T4: 0 | U4: 1849 | V4: =ROUND(H4/G4,4) -> 0.1101 | W4: =ROUND(N4/G4,4) -> 0 | X4: =ROUND(O4/G4,4) -> 0
A5: 2025 | B5: 4 | C5: QX | D5: =_xlfn.XLOOKUP(C5,'Carrier Name Rename'!A:A,'Carrier Name Rename'!B:B) -> Horizon Air | E5: SEA | F5: Seattle, WA: Seattle/Tacoma International | G5: 1719 | H5: 254 | I5: 43.8 | J5: 0 | K5: 120.71 | L5: 0 | M5: 89.49 | N5: 7 | O5: 0 | P5: 9997 | Q5: 2621 | R5: 0 | S5: 3128 | T5: 0 | U5: 4248 | V5: =ROUND(H5/G5,4) -> 0.1478 | W5: =ROUND(N5/G5,4) -> 0.0041 | X5: =ROUND(O5/G5,4) -> 0
A6: 2025 | B6: 4 | C6: AA | D6: =_xlfn.XLOOKUP(C6,'Carrier Name Rename'!A:A,'Carrier Name Rename'!B:B) -> American Airlines Inc. | E6: SEA | F6: Seattle, WA: Seattle/Tacoma International | G6: 450 | H6: 95 | I6: 45.56 | J6: 7.96 | K6: 13.73 | L6: 0 | M6: 27.74 | N6: 6 | O6: 0 | P6: 6490 | Q6: 2670 | R6: 754 | S6: 542 | T6: 0 | U6: 2524 | V6: =ROUND(H6/G6,4) -> 0.2111 | W6: =ROUND(N6/G6,4) -> 0.0133 | X6: =ROUND(O6/G6,4) -> 0
A7: 2025 | B7: 4 | C7: AS | D7: =_xlfn.XLOOKUP(C7,'Carrier Name Rename'!A:A,'Carrier Name Rename'!B:B) -> Alaska Airlines Inc. | E7: SEA | F7: Seattle, WA: Seattle/Tacoma International | G7: 5840 | H7: 1119 | I7: 232.04 | J7: 21.87 | K7: 421.2 | L7: 8.32 | M7: 435.57 | N7: 32 | O7: 4 | P7: 56280 | Q7: 16292 | R7: 1068 | S7: 12563 | T7: 317 | U7: 26040 | V7: =ROUND(H7/G7,4) -> 0.1916 | W7: =ROUND(N7/G7,4) -> 0.0055 | X7: =ROUND(O7/G7,4) -> 0.0007
A8: 2025 | B8: 4 | C8: B6 | D8: =_xlfn.XLOOKUP(C8,'Carrier Name Rename'!A:A,'Carrier Name Rename'!B:B) -> JetBlue Airways | E8: SEA | F8: Seattle, WA: Seattle/Tacoma International | G8: 31 | H8: 6 | I8: 1.47 | J8: 0 | K8: 1.56 | L8: 0 | M8: 2.97 | N8: 0 | O8: 0 | P8: 194 | Q8: 28 | R8: 0 | S8: 57 | T8: 0 | U8: 109 | V8: =ROUND(H8/G8,4) -> 0.1935 | W8: =ROUND(N8/G8,4) -> 0 | X8: =ROUND(O8/G8,4) -> 0
A9: 2025 | B9: 4 | C9: DL | D9: =_xlfn.XLOOKUP(C9,'Carrier Name Rename'!A:A,'Carrier Name Rename'!B:B) -> Delta Air Lines Inc. | E9: SEA | F9: Seattle, WA: Seattle/Tacoma International | G9: 2596 | H9: 289 | I9: 111.67 | J9: 8.32 | K9: 72.21 | L9: 0 | M9: 96.8 | N9: 6 | O9: 1 | P9: 23546 | Q9: 14229 | R9: 548 | S9: 2465 | T9: 0 | U9: 6304 | V9: =ROUND(H9/G9,4) -> 0.1113 | W9: =ROUND(N9/G9,4) -> 0.0023 | X9: =ROUND(O9/G9,4) -> 0.0004
A10: 2025 | B10: 4 | C10: F9 | D10: =_xlfn.XLOOKUP(C10,'Carrier Name Rename'!A:A,'Carrier Name Rename'!B:B) -> Frontier Airlines Inc. | E10: SEA | F10: Seattle, WA: Seattle/Tacoma International | G10: 142 | H10: 24 | I10: 4.36 | J10: 0 | K10: 12.04 | L10: 0 | M10: 7.59 | N10: 0 | O10: 0 | P10: 1250 | Q10: 310 | R10: 0 | S10: 560 | T10: 0 | U10: 380 | V10: =ROUND(H10/G10,4) -> 0.169 | W10: =ROUND(N10/G10,4) -> 0 | X10: =ROUND(O10/G10,4) -> 0
A11: 2025 | B11: 4 | C11: UA | D11: =_xlfn.XLOOKUP(C11,'Carrier Name Rename'!A:A,'Carrier Name Rename'!B:B) -> United Air Lines Inc. | E11: SEA | F11: Seattle, WA: Seattle/Tacoma International | G11: 697 | H11: 115 | I11: 40.54 | J11: 1.78 | K11: 28.05 | L11: 0 | M11: 44.64 | N11: 1 | O11: 0 | P11: 7216 | Q11: 2543 | R11: 102 | S11: 979 | T11: 0 | U11: 3592 | V11: =ROUND(H11/G11,4) -> 0.165 | W11: =ROUND(N11/G11,4) -> 0.0014 | X11: =ROUND(O11/G11,4) -> 0
A12: 2025 | B12: 4 | C12: WN | D12: =_xlfn.XLOOKUP(C12,'Carrier Name Rename'!A:A,'Carrier Name Rename'!B:B) -> Southwest Airlines Co. | E12: SEA | F12: Seattle, WA: Seattle/Tacoma International | G12: 570 | H12: 125 | I12: 42.38 | J12: 0.21 | K12: 9.93 | L12: 0 | M12: 72.47 | N12: 0 | O12: 0 | P12: 6876 | Q12: 1979 | R12: 25 | S12: 318 | T12: 0 | U12: 4554 | V12: =ROUND(H12/G12,4) -> 0.2193 | W12: =ROUND(N12/G12,4) -> 0 | X12: =ROUND(O12/G12,4) -> 0
A13: 2025 | B13: 3 | C13: HA | D13: =_xlfn.XLOOKUP(C13,'Carrier Name Rename'!A:A,'Carrier Name Rename'!B:B) -> Hawaiian Airlines Inc. | E13: SEA | F13: Seattle, WA: Seattle/Tacoma International | G13: 75 | H13: 24 | I13: 17.72 | J13: 0 | K13: 0.96 | L13: 1 | M13: 4.32 | N13: 0 | O13: 0 | P13: 881 | Q13: 494 | R13: 0 | S13: 47 | T13: 17 | U13: 323 | V13: =ROUND(H13/G13,4) -> 0.32 | W13: =ROUND(N13/G13,4) -> 0 | X13: =ROUND(O13/G13,4) -> 0
... A3152: 2003 | B3152: 6 | C3152: DL | D3152: =_xlfn.XLOOKUP(C3152,'Carrier Name Rename'!A:A,'Carrier Name Rename'!B:B) -> Delta Air Lines Inc. | E3152: SEA | F3152: Seattle, WA: Seattle/Tacoma International | G3152: 480 | H3152: 84 | I3152: 25.69 | J3152: 3.09 | K3152: 33.96 | L3152: 0 | M3152: 21.26 | N3152: 0 | O3152: 0 | P3152: 3744 | Q3152: 978 | R3152: 164 | S3152: 1023 | T3152: 0 | U3152: 1579 | V3152: =ROUND(H3152/G3152,4) -> 0.175 | W3152: =ROUND(N3152/G3152,4) -> 0 | X3152: =ROUND(O3152/G3152,4) -> 0
